,Timepoint,Condition,PBMC_sample,Cell_Type,MFI,Positive_Percentage
0,24,Doxorubicin_Cal27,CD3neg_PBMC,CD40_B,2048.6666666666665,93.83333333333333
1,24,Doxorubicin_Cal27,CD3neg_PBMC,CD40_DC,896.3333333333334,49.56666666666666
2,24,Doxorubicin_Cal27,CD3neg_PBMC,CD40_MO,841.3333333333334,43.86666666666667
3,24,Doxorubicin_Cal27,CD3neg_PBMC,CD80_B,51.03333333333333,1.5366666666666668
4,24,Doxorubicin_Cal27,CD3neg_PBMC,CD80_DC,90.43333333333334,1.7966666666666666
5,24,Doxorubicin_Cal27,CD3neg_PBMC,CD80_MO,99.93333333333334,2.8800000000000003
6,24,Doxorubicin_Cal27,CD3neg_PBMC,CD86_B,3012.0,99.06666666666666
7,24,Doxorubicin_Cal27,CD3neg_PBMC,CD86_DC,9111.666666666666,99.53333333333335
8,24,Doxorubicin_Cal27,CD3neg_PBMC,CD86_MO,5937.0,99.39999999999999
9,24,Doxorubicin_Cal27,CD3neg_PBMC,DR_B,49777.0,100.0
10,24,Doxorubicin_Cal27,CD3neg_PBMC,DR_DC,24079.0,99.86666666666667
11,24,Doxorubicin_Cal27,CD3neg_PBMC,DR_MO,21004.333333333332,99.93333333333334
12,24,Doxorubicin_Cal27,TW,CD40_B,1716.6666666666667,90.46666666666665
13,24,Doxorubicin_Cal27,TW,CD40_DC,904.3333333333334,48.43333333333334
14,24,Doxorubicin_Cal27,TW,CD40_MO,799.0,42.73333333333333
15,24,Doxorubicin_Cal27,TW,CD80_B,46.1,1.0633333333333332
16,24,Doxorubicin_Cal27,TW,CD80_DC,108.33333333333333,3.483333333333333
17,24,Doxorubicin_Cal27,TW,CD80_MO,96.96666666666665,2.0933333333333333
18,24,Doxorubicin_Cal27,TW,CD86_B,2616.6666666666665,97.90000000000002
19,24,Doxorubicin_Cal27,TW,CD86_DC,11503.333333333334,99.76666666666667
20,24,Doxorubicin_Cal27,TW,CD86_MO,5637.333333333333,99.63333333333333
21,24,Doxorubicin_Cal27,TW,DR_B,47986.333333333336,100.0
22,24,Doxorubicin_Cal27,TW,DR_DC,29342.333333333332,99.96666666666665
23,24,Doxorubicin_Cal27,TW,DR_MO,24897.333333333332,100.0
24,24,Doxorubicin_Cal27,Whole_PBMC,CD40_B,2273.3333333333335,95.83333333333333
25,24,Doxorubicin_Cal27,Whole_PBMC,CD40_DC,1071.0,60.199999999999996
26,24,Doxorubicin_Cal27,Whole_PBMC,CD40_MO,1269.0,66.03333333333333
27,24,Doxorubicin_Cal27,Whole_PBMC,CD80_B,57.0,1.9333333333333333
28,24,Doxorubicin_Cal27,Whole_PBMC,CD80_DC,118.33333333333333,5.609999999999999
29,24,Doxorubicin_Cal27,Whole_PBMC,CD80_MO,140.33333333333334,8.836666666666666
30,24,Doxorubicin_Cal27,Whole_PBMC,CD86_B,2950.0,99.33333333333333
31,24,Doxorubicin_Cal27,Whole_PBMC,CD86_DC,13675.0,99.93333333333334
32,24,Doxorubicin_Cal27,Whole_PBMC,CD86_MO,8056.666666666667,99.89999999999999
33,24,Doxorubicin_Cal27,Whole_PBMC,DR_B,51834.666666666664,100.0
34,24,Doxorubicin_Cal27,Whole_PBMC,DR_DC,30063.666666666668,99.93333333333334
35,24,Doxorubicin_Cal27,Whole_PBMC,DR_MO,28397.0,99.96666666666665
36,24,PBMC_Only,CD3neg_PBMC,CD40_B,2053.6666666666665,93.2
37,24,PBMC_Only,CD3neg_PBMC,CD40_DC,533.3333333333334,25.866666666666664
38,24,PBMC_Only,CD3neg_PBMC,CD40_MO,444.3333333333333,20.833333333333332
39,24,PBMC_Only,CD3neg_PBMC,CD80_B,51.1,0.8933333333333334
40,24,PBMC_Only,CD3neg_PBMC,CD80_DC,92.13333333333333,2.2266666666666666
41,24,PBMC_Only,CD3neg_PBMC,CD80_MO,86.89999999999999,1.8033333333333335
42,24,PBMC_Only,CD3neg_PBMC,CD86_B,2515.0,97.56666666666666
43,24,PBMC_Only,CD3neg_PBMC,CD86_DC,5836.666666666667,96.93333333333334
44,24,PBMC_Only,CD3neg_PBMC,CD86_MO,3946.6666666666665,97.26666666666667
45,24,PBMC_Only,CD3neg_PBMC,DR_B,51845.666666666664,100.0
46,24,PBMC_Only,CD3neg_PBMC,DR_DC,20844.666666666668,99.89999999999999
47,24,PBMC_Only,CD3neg_PBMC,DR_MO,17551.333333333332,99.93333333333334
48,24,PBMC_Only,TW,CD40_B,1741.3333333333333,90.63333333333333
49,24,PBMC_Only,TW,CD40_DC,643.0,32.699999999999996
50,24,PBMC_Only,TW,CD40_MO,527.6666666666666,25.53333333333333
51,24,PBMC_Only,TW,CD80_B,50.03333333333333,0.9533333333333333
52,24,PBMC_Only,TW,CD80_DC,94.26666666666667,1.6900000000000002
53,24,PBMC_Only,TW,CD80_MO,100.86666666666667,1.3233333333333335
54,24,PBMC_Only,TW,CD86_B,2380.3333333333335,96.16666666666667
55,24,PBMC_Only,TW,CD86_DC,8030.666666666667,98.23333333333333
56,24,PBMC_Only,TW,CD86_MO,3852.0,95.8
57,24,PBMC_Only,TW,DR_B,49408.0,100.0
58,24,PBMC_Only,TW,DR_DC,23840.0,100.0
59,24,PBMC_Only,TW,DR_MO,18572.666666666668,99.83333333333333
60,24,PBMC_Only,Whole_PBMC,CD40_B,2296.3333333333335,95.2
61,24,PBMC_Only,Whole_PBMC,CD40_DC,816.6666666666666,44.5
62,24,PBMC_Only,Whole_PBMC,CD40_MO,744.0,39.5
63,24,PBMC_Only,Whole_PBMC,CD80_B,52.166666666666664,1.0766666666666669
64,24,PBMC_Only,Whole_PBMC,CD80_DC,117.33333333333333,6.22
65,24,PBMC_Only,Whole_PBMC,CD80_MO,99.16666666666667,2.9166666666666665
66,24,PBMC_Only,Whole_PBMC,CD86_B,2481.0,96.93333333333332
67,24,PBMC_Only,Whole_PBMC,CD86_DC,9447.0,98.39999999999999
68,24,PBMC_Only,Whole_PBMC,CD86_MO,4764.0,97.63333333333333
69,24,PBMC_Only,Whole_PBMC,DR_B,52655.0,100.0
70,24,PBMC_Only,Whole_PBMC,DR_DC,28144.666666666668,99.96666666666665
71,24,PBMC_Only,Whole_PBMC,DR_MO,23647.666666666668,99.90000000000002
72,24,TGE12_Cal27,CD3neg_PBMC,CD40_B,2077.6666666666665,93.23333333333333
73,24,TGE12_Cal27,CD3neg_PBMC,CD40_DC,914.0,48.300000000000004
74,24,TGE12_Cal27,CD3neg_PBMC,CD40_MO,1325.3333333333333,63.6
75,24,TGE12_Cal27,CD3neg_PBMC,CD80_B,61.76666666666667,3.4599999999999995
76,24,TGE12_Cal27,CD3neg_PBMC,CD80_DC,153.0,16.366666666666667
77,24,TGE12_Cal27,CD3neg_PBMC,CD80_MO,292.0,48.23333333333333
78,24,TGE12_Cal27,CD3neg_PBMC,CD86_B,2778.6666666666665,98.03333333333335
79,24,TGE12_Cal27,CD3neg_PBMC,CD86_DC,5820.0,97.43333333333334
80,24,TGE12_Cal27,CD3neg_PBMC,CD86_MO,6511.333333333333,99.39999999999999
81,24,TGE12_Cal27,CD3neg_PBMC,DR_B,48868.333333333336,100.0
82,24,TGE12_Cal27,CD3neg_PBMC,DR_DC,26172.666666666668,99.86666666666667
83,24,TGE12_Cal27,CD3neg_PBMC,DR_MO,28294.666666666668,99.89999999999999
84,24,TGE12_Cal27,TW,CD40_B,1800.6666666666667,91.86666666666667
85,24,TGE12_Cal27,TW,CD40_DC,1392.0,66.66666666666667
86,24,TGE12_Cal27,TW,CD40_MO,1120.3333333333333,58.699999999999996
87,24,TGE12_Cal27,TW,CD80_B,53.36666666666667,2.0466666666666664
88,24,TGE12_Cal27,TW,CD80_DC,276.3333333333333,40.699999999999996
89,24,TGE12_Cal27,TW,CD80_MO,241.66666666666666,36.1
90,24,TGE12_Cal27,TW,CD86_B,2521.6666666666665,97.36666666666667
91,24,TGE12_Cal27,TW,CD86_DC,11427.666666666666,97.60000000000001
92,24,TGE12_Cal27,TW,CD86_MO,7312.666666666667,99.63333333333333
93,24,TGE12_Cal27,TW,DR_B,48232.333333333336,100.0
94,24,TGE12_Cal27,TW,DR_DC,36132.333333333336,99.96666666666665
95,24,TGE12_Cal27,TW,DR_MO,29753.0,99.90000000000002
96,24,TGE12_Cal27,Whole_PBMC,CD40_B,2288.3333333333335,94.3
97,24,TGE12_Cal27,Whole_PBMC,CD40_DC,1663.3333333333333,70.23333333333333
98,24,TGE12_Cal27,Whole_PBMC,CD40_MO,2880.6666666666665,87.5
99,24,TGE12_Cal27,Whole_PBMC,CD80_B,57.53333333333333,2.67
100,24,TGE12_Cal27,Whole_PBMC,CD80_DC,217.66666666666666,28.066666666666666
101,24,TGE12_Cal27,Whole_PBMC,CD80_MO,342.0,58.03333333333333
102,24,TGE12_Cal27,Whole_PBMC,CD86_B,2646.0,97.63333333333333
103,24,TGE12_Cal27,Whole_PBMC,CD86_DC,12006.666666666666,98.60000000000001
104,24,TGE12_Cal27,Whole_PBMC,CD86_MO,10012.666666666666,99.83333333333333
105,24,TGE12_Cal27,Whole_PBMC,DR_B,49837.0,100.0
106,24,TGE12_Cal27,Whole_PBMC,DR_DC,36049.666666666664,99.93333333333334
107,24,TGE12_Cal27,Whole_PBMC,DR_MO,35277.0,99.96666666666665
108,24,Untx_Cal27,CD3neg_PBMC,CD40_B,2011.3333333333333,92.56666666666666
109,24,Untx_Cal27,CD3neg_PBMC,CD40_DC,694.0,38.5
110,24,Untx_Cal27,CD3neg_PBMC,CD40_MO,601.3333333333334,31.333333333333332
111,24,Untx_Cal27,CD3neg_PBMC,CD80_B,47.666666666666664,1.08
112,24,Untx_Cal27,CD3neg_PBMC,CD80_DC,74.83333333333333,0.9900000000000001
113,24,Untx_Cal27,CD3neg_PBMC,CD80_MO,78.10000000000001,1.21
114,24,Untx_Cal27,CD3neg_PBMC,CD86_B,2657.3333333333335,97.5
115,24,Untx_Cal27,CD3neg_PBMC,CD86_DC,7457.0,98.93333333333334
116,24,Untx_Cal27,CD3neg_PBMC,CD86_MO,4110.666666666667,96.23333333333333
117,24,Untx_Cal27,CD3neg_PBMC,DR_B,52376.0,100.0
118,24,Untx_Cal27,CD3neg_PBMC,DR_DC,21042.666666666668,99.86666666666667
119,24,Untx_Cal27,CD3neg_PBMC,DR_MO,12712.0,99.56666666666666
120,24,Untx_Cal27,TW,CD40_B,1729.6666666666667,90.39999999999999
121,24,Untx_Cal27,TW,CD40_DC,824.6666666666666,44.96666666666667
122,24,Untx_Cal27,TW,CD40_MO,908.6666666666666,49.53333333333333
123,24,Untx_Cal27,TW,CD80_B,47.23333333333333,0.9433333333333334
124,24,Untx_Cal27,TW,CD80_DC,115.0,4.91
125,24,Untx_Cal27,TW,CD80_MO,104.3,2.8866666666666667
126,24,Untx_Cal27,TW,CD86_B,2424.0,96.33333333333333
127,24,Untx_Cal27,TW,CD86_DC,11278.0,99.0
128,24,Untx_Cal27,TW,CD86_MO,6118.333333333333,99.3
129,24,Untx_Cal27,TW,DR_B,49642.666666666664,100.0
130,24,Untx_Cal27,TW,DR_DC,29961.666666666668,100.0
131,24,Untx_Cal27,TW,DR_MO,26422.333333333332,99.93333333333334
132,24,Untx_Cal27,Whole_PBMC,CD40_B,2233.0,96.03333333333335
133,24,Untx_Cal27,Whole_PBMC,CD40_DC,802.3333333333334,45.1
134,24,Untx_Cal27,Whole_PBMC,CD40_MO,966.0,52.76666666666667
135,24,Untx_Cal27,Whole_PBMC,CD80_B,44.76666666666667,1.0999999999999999
136,24,Untx_Cal27,Whole_PBMC,CD80_DC,87.8,2.3966666666666665
137,24,Untx_Cal27,Whole_PBMC,CD80_MO,105.0,3.44
138,24,Untx_Cal27,Whole_PBMC,CD86_B,2392.6666666666665,96.63333333333333
139,24,Untx_Cal27,Whole_PBMC,CD86_DC,7555.0,98.13333333333333
140,24,Untx_Cal27,Whole_PBMC,CD86_MO,5309.0,97.93333333333334
141,24,Untx_Cal27,Whole_PBMC,DR_B,52676.333333333336,100.0
142,24,Untx_Cal27,Whole_PBMC,DR_DC,26460.333333333332,99.86666666666667
143,24,Untx_Cal27,Whole_PBMC,DR_MO,18797.666666666668,99.76666666666667
144,24,mCherry_Cal27,CD3neg_PBMC,CD40_B,2071.0,93.93333333333334
145,24,mCherry_Cal27,CD3neg_PBMC,CD40_DC,920.3333333333334,49.9
146,24,mCherry_Cal27,CD3neg_PBMC,CD40_MO,768.6666666666666,39.4
147,24,mCherry_Cal27,CD3neg_PBMC,CD80_B,50.333333333333336,1.43
148,24,mCherry_Cal27,CD3neg_PBMC,CD80_DC,124.33333333333333,10.256666666666666
149,24,mCherry_Cal27,CD3neg_PBMC,CD80_MO,117.66666666666667,8.433333333333334
150,24,mCherry_Cal27,CD3neg_PBMC,CD86_B,2566.0,97.53333333333335
151,24,mCherry_Cal27,CD3neg_PBMC,CD86_DC,6214.0,97.66666666666667
152,24,mCherry_Cal27,CD3neg_PBMC,CD86_MO,4419.0,96.63333333333333
153,24,mCherry_Cal27,CD3neg_PBMC,DR_B,51858.0,99.96666666666665
154,24,mCherry_Cal27,CD3neg_PBMC,DR_DC,22643.333333333332,99.59999999999998
155,24,mCherry_Cal27,CD3neg_PBMC,DR_MO,14189.333333333334,99.56666666666666
156,24,mCherry_Cal27,TW,CD40_B,1747.6666666666667,90.86666666666667
157,24,mCherry_Cal27,TW,CD40_DC,914.0,50.13333333333333
158,24,mCherry_Cal27,TW,CD40_MO,998.0,54.36666666666667
159,24,mCherry_Cal27,TW,CD80_B,46.36666666666667,1.0066666666666666
160,24,mCherry_Cal27,TW,CD80_DC,128.33333333333334,7.949999999999999
161,24,mCherry_Cal27,TW,CD80_MO,112.0,4.496666666666667
162,24,mCherry_Cal27,TW,CD86_B,2493.6666666666665,96.8
163,24,mCherry_Cal27,TW,CD86_DC,12074.0,99.03333333333335
164,24,mCherry_Cal27,TW,CD86_MO,6282.666666666667,99.39999999999999
165,24,mCherry_Cal27,TW,DR_B,50603.333333333336,100.0
166,24,mCherry_Cal27,TW,DR_DC,31758.666666666668,99.96666666666665
167,24,mCherry_Cal27,TW,DR_MO,26951.666666666668,99.96666666666665
168,24,mCherry_Cal27,Whole_PBMC,CD40_B,2242.6666666666665,96.10000000000001
169,24,mCherry_Cal27,Whole_PBMC,CD40_DC,1203.3333333333333,62.0
170,24,mCherry_Cal27,Whole_PBMC,CD40_MO,1280.6666666666667,64.2
171,24,mCherry_Cal27,Whole_PBMC,CD80_B,53.6,1.7733333333333334
172,24,mCherry_Cal27,Whole_PBMC,CD80_DC,165.0,18.400000000000002
173,24,mCherry_Cal27,Whole_PBMC,CD80_MO,160.0,15.133333333333333
174,24,mCherry_Cal27,Whole_PBMC,CD86_B,2417.6666666666665,96.43333333333334
175,24,mCherry_Cal27,Whole_PBMC,CD86_DC,8769.0,97.39999999999999
176,24,mCherry_Cal27,Whole_PBMC,CD86_MO,6452.666666666667,98.8
177,24,mCherry_Cal27,Whole_PBMC,DR_B,52525.333333333336,100.0
178,24,mCherry_Cal27,Whole_PBMC,DR_DC,30508.0,99.26666666666667
179,24,mCherry_Cal27,Whole_PBMC,DR_MO,22651.666666666668,99.86666666666667
180,24,siCHMP2A_Cal27,CD3neg_PBMC,CD40_B,1896.0,91.86666666666667
181,24,siCHMP2A_Cal27,CD3neg_PBMC,CD40_DC,627.3333333333334,33.36666666666667
182,24,siCHMP2A_Cal27,CD3neg_PBMC,CD40_MO,703.3333333333334,37.9
183,24,siCHMP2A_Cal27,CD3neg_PBMC,CD80_B,51.6,1.4666666666666668
184,24,siCHMP2A_Cal27,CD3neg_PBMC,CD80_DC,93.26666666666667,3.8799999999999994
185,24,siCHMP2A_Cal27,CD3neg_PBMC,CD80_MO,99.33333333333333,3.6033333333333335
186,24,siCHMP2A_Cal27,CD3neg_PBMC,CD86_B,2591.3333333333335,97.53333333333335
187,24,siCHMP2A_Cal27,CD3neg_PBMC,CD86_DC,6307.666666666667,97.96666666666665
188,24,siCHMP2A_Cal27,CD3neg_PBMC,CD86_MO,5391.0,98.83333333333333
189,24,siCHMP2A_Cal27,CD3neg_PBMC,DR_B,50893.333333333336,100.0
190,24,siCHMP2A_Cal27,CD3neg_PBMC,DR_DC,22292.0,99.83333333333333
191,24,siCHMP2A_Cal27,CD3neg_PBMC,DR_MO,18133.666666666668,99.8
192,24,siCHMP2A_Cal27,TW,CD40_B,1590.0,87.93333333333334
193,24,siCHMP2A_Cal27,TW,CD40_DC,912.3333333333334,49.166666666666664
194,24,siCHMP2A_Cal27,TW,CD40_MO,1006.6666666666666,54.93333333333334
195,24,siCHMP2A_Cal27,TW,CD80_B,45.4,1.0133333333333334
196,24,siCHMP2A_Cal27,TW,CD80_DC,138.66666666666666,9.936666666666667
197,24,siCHMP2A_Cal27,TW,CD80_MO,105.66666666666667,4.13
198,24,siCHMP2A_Cal27,TW,CD86_B,2404.0,96.2
199,24,siCHMP2A_Cal27,TW,CD86_DC,12861.0,99.13333333333333
200,24,siCHMP2A_Cal27,TW,CD86_MO,6801.333333333333,99.8
201,24,siCHMP2A_Cal27,TW,DR_B,48192.666666666664,100.0
202,24,siCHMP2A_Cal27,TW,DR_DC,31862.0,100.0
203,24,siCHMP2A_Cal27,TW,DR_MO,28024.0,99.93333333333334
204,24,siCHMP2A_Cal27,Whole_PBMC,CD40_B,2056.6666666666665,94.83333333333333
205,24,siCHMP2A_Cal27,Whole_PBMC,CD40_DC,892.3333333333334,48.63333333333333
206,24,siCHMP2A_Cal27,Whole_PBMC,CD40_MO,1203.0,63.166666666666664
207,24,siCHMP2A_Cal27,Whole_PBMC,CD80_B,49.43333333333334,1.7466666666666668
208,24,siCHMP2A_Cal27,Whole_PBMC,CD80_DC,119.0,8.133333333333333
209,24,siCHMP2A_Cal27,Whole_PBMC,CD80_MO,137.33333333333334,9.796666666666667
210,24,siCHMP2A_Cal27,Whole_PBMC,CD86_B,2446.6666666666665,96.93333333333334
211,24,siCHMP2A_Cal27,Whole_PBMC,CD86_DC,9226.0,98.2
212,24,siCHMP2A_Cal27,Whole_PBMC,CD86_MO,7458.666666666667,99.5
213,24,siCHMP2A_Cal27,Whole_PBMC,DR_B,51375.333333333336,100.0
214,24,siCHMP2A_Cal27,Whole_PBMC,DR_DC,30257.0,99.90000000000002
215,24,siCHMP2A_Cal27,Whole_PBMC,DR_MO,24769.0,99.83333333333333
216,48,Doxorubicin_Cal27,CD3neg_PBMC,CD40_B,2555.3333333333335,97.46666666666665
217,48,Doxorubicin_Cal27,CD3neg_PBMC,CD40_DC,1833.0,80.03333333333333
218,48,Doxorubicin_Cal27,CD3neg_PBMC,CD40_MO,1915.6666666666667,81.3
219,48,Doxorubicin_Cal27,CD3neg_PBMC,CD80_B,53.36666666666667,3.263333333333333
220,48,Doxorubicin_Cal27,CD3neg_PBMC,CD80_DC,160.0,13.533333333333333
221,48,Doxorubicin_Cal27,CD3neg_PBMC,CD80_MO,149.0,11.833333333333334
222,48,Doxorubicin_Cal27,CD3neg_PBMC,CD86_B,3697.0,99.66666666666667
223,48,Doxorubicin_Cal27,CD3neg_PBMC,CD86_DC,10595.0,99.93333333333334
224,48,Doxorubicin_Cal27,CD3neg_PBMC,CD86_MO,4678.0,99.83333333333333
225,48,Doxorubicin_Cal27,CD3neg_PBMC,DR_B,64292.666666666664,100.0
226,48,Doxorubicin_Cal27,CD3neg_PBMC,DR_DC,43498.666666666664,99.16666666666667
227,48,Doxorubicin_Cal27,CD3neg_PBMC,DR_MO,26487.0,99.7
228,48,Doxorubicin_Cal27,TW,CD40_B,2098.3333333333335,94.06666666666666
229,48,Doxorubicin_Cal27,TW,CD40_DC,1599.3333333333333,77.39999999999999
230,48,Doxorubicin_Cal27,TW,CD40_MO,1733.6666666666667,80.89999999999999
231,48,Doxorubicin_Cal27,TW,CD80_B,48.9,3.0833333333333335
232,48,Doxorubicin_Cal27,TW,CD80_DC,160.0,13.299999999999999
233,48,Doxorubicin_Cal27,TW,CD80_MO,134.33333333333334,7.81
234,48,Doxorubicin_Cal27,TW,CD86_B,2963.3333333333335,97.06666666666666
235,48,Doxorubicin_Cal27,TW,CD86_DC,11740.666666666666,99.83333333333333
236,48,Doxorubicin_Cal27,TW,CD86_MO,3797.3333333333335,99.23333333333333
237,48,Doxorubicin_Cal27,TW,DR_B,54019.333333333336,100.0
238,48,Doxorubicin_Cal27,TW,DR_DC,40942.333333333336,99.66666666666667
239,48,Doxorubicin_Cal27,TW,DR_MO,24597.666666666668,99.96666666666665
240,48,Doxorubicin_Cal27,Whole_PBMC,CD40_B,2907.0,97.76666666666667
241,48,Doxorubicin_Cal27,Whole_PBMC,CD40_DC,2374.0,88.53333333333335
242,48,Doxorubicin_Cal27,Whole_PBMC,CD40_MO,2948.6666666666665,91.93333333333334
243,48,Doxorubicin_Cal27,Whole_PBMC,CD80_B,62.23333333333333,5.81
244,48,Doxorubicin_Cal27,Whole_PBMC,CD80_DC,180.0,19.333333333333332
245,48,Doxorubicin_Cal27,Whole_PBMC,CD80_MO,182.0,20.366666666666667
246,48,Doxorubicin_Cal27,Whole_PBMC,CD86_B,3490.3333333333335,99.0
247,48,Doxorubicin_Cal27,Whole_PBMC,CD86_DC,13054.666666666666,99.96666666666665
248,48,Doxorubicin_Cal27,Whole_PBMC,CD86_MO,5447.333333333333,99.83333333333333
249,48,Doxorubicin_Cal27,Whole_PBMC,DR_B,62582.333333333336,100.0
250,48,Doxorubicin_Cal27,Whole_PBMC,DR_DC,52915.666666666664,99.60000000000001
251,48,Doxorubicin_Cal27,Whole_PBMC,DR_MO,35635.333333333336,99.3
252,48,PBMC_Only,CD3neg_PBMC,CD40_B,2444.0,97.8
253,48,PBMC_Only,CD3neg_PBMC,CD40_DC,827.0,42.0
254,48,PBMC_Only,CD3neg_PBMC,CD40_MO,632.6666666666666,31.566666666666666
255,48,PBMC_Only,CD3neg_PBMC,CD80_B,46.96666666666667,1.47
256,48,PBMC_Only,CD3neg_PBMC,CD80_DC,110.33333333333333,5.776666666666666
257,48,PBMC_Only,CD3neg_PBMC,CD80_MO,99.26666666666667,2.7899999999999996
258,48,PBMC_Only,CD3neg_PBMC,CD86_B,2600.6666666666665,93.5
259,48,PBMC_Only,CD3neg_PBMC,CD86_DC,4392.333333333333,91.5
260,48,PBMC_Only,CD3neg_PBMC,CD86_MO,2135.3333333333335,90.76666666666667
261,48,PBMC_Only,CD3neg_PBMC,DR_B,54054.666666666664,100.0
262,48,PBMC_Only,CD3neg_PBMC,DR_DC,29599.666666666668,99.56666666666666
263,48,PBMC_Only,CD3neg_PBMC,DR_MO,18392.0,99.93333333333334
264,48,PBMC_Only,TW,CD40_B,1953.0,93.8
265,48,PBMC_Only,TW,CD40_DC,976.3333333333334,50.56666666666666
266,48,PBMC_Only,TW,CD40_MO,877.0,47.43333333333334
267,48,PBMC_Only,TW,CD80_B,37.666666666666664,1.3533333333333335
268,48,PBMC_Only,TW,CD80_DC,115.0,5.586666666666667
269,48,PBMC_Only,TW,CD80_MO,112.66666666666667,2.9166666666666665
270,48,PBMC_Only,TW,CD86_B,2349.6666666666665,91.66666666666667
271,48,PBMC_Only,TW,CD86_DC,4977.333333333333,93.33333333333333
272,48,PBMC_Only,TW,CD86_MO,2980.6666666666665,98.03333333333335
273,48,PBMC_Only,TW,DR_B,48474.333333333336,100.0
274,48,PBMC_Only,TW,DR_DC,35719.333333333336,99.86666666666667
275,48,PBMC_Only,TW,DR_MO,28165.333333333332,99.93333333333334
276,48,PBMC_Only,Whole_PBMC,CD40_B,2744.6666666666665,97.86666666666667
277,48,PBMC_Only,Whole_PBMC,CD40_DC,1504.3333333333333,69.53333333333335
278,48,PBMC_Only,Whole_PBMC,CD40_MO,1298.3333333333333,67.33333333333333
279,48,PBMC_Only,Whole_PBMC,CD80_B,49.76666666666667,2.1466666666666665
280,48,PBMC_Only,Whole_PBMC,CD80_DC,136.66666666666666,9.950000000000001
281,48,PBMC_Only,Whole_PBMC,CD80_MO,122.33333333333333,4.973333333333333
282,48,PBMC_Only,Whole_PBMC,CD86_B,2709.6666666666665,94.36666666666667
283,48,PBMC_Only,Whole_PBMC,CD86_DC,6587.666666666667,95.76666666666667
284,48,PBMC_Only,Whole_PBMC,CD86_MO,3054.6666666666665,97.86666666666667
285,48,PBMC_Only,Whole_PBMC,DR_B,56298.333333333336,100.0
286,48,PBMC_Only,Whole_PBMC,DR_DC,47254.333333333336,99.46666666666665
287,48,PBMC_Only,Whole_PBMC,DR_MO,31868.0,99.93333333333334
288,48,TGE12_Cal27,CD3neg_PBMC,CD40_B,2386.0,96.23333333333333
289,48,TGE12_Cal27,CD3neg_PBMC,CD40_DC,8803.0,98.43333333333334
290,48,TGE12_Cal27,CD3neg_PBMC,CD40_MO,7325.333333333333,98.16666666666667
291,48,TGE12_Cal27,CD3neg_PBMC,CD80_B,47.4,2.1533333333333338
292,48,TGE12_Cal27,CD3neg_PBMC,CD80_DC,621.6666666666666,79.83333333333333
293,48,TGE12_Cal27,CD3neg_PBMC,CD80_MO,518.0,78.76666666666667
294,48,TGE12_Cal27,CD3neg_PBMC,CD86_B,3213.0,98.16666666666667
295,48,TGE12_Cal27,CD3neg_PBMC,CD86_DC,25028.666666666668,99.60000000000001
296,48,TGE12_Cal27,CD3neg_PBMC,CD86_MO,15800.333333333334,99.86666666666667
297,48,TGE12_Cal27,CD3neg_PBMC,DR_B,63256.0,100.0
298,48,TGE12_Cal27,CD3neg_PBMC,DR_DC,86925.66666666667,98.39999999999999
299,48,TGE12_Cal27,CD3neg_PBMC,DR_MO,63599.0,99.76666666666667
300,48,TGE12_Cal27,TW,CD40_B,2199.3333333333335,94.46666666666665
301,48,TGE12_Cal27,TW,CD40_DC,7167.666666666667,98.36666666666667
302,48,TGE12_Cal27,TW,CD40_MO,5937.0,96.3
303,48,TGE12_Cal27,TW,CD80_B,60.36666666666667,4.926666666666667
304,48,TGE12_Cal27,TW,CD80_DC,558.0,76.23333333333333
305,48,TGE12_Cal27,TW,CD80_MO,414.0,63.666666666666664
306,48,TGE12_Cal27,TW,CD86_B,3090.3333333333335,96.3
307,48,TGE12_Cal27,TW,CD86_DC,25936.333333333332,99.39999999999999
308,48,TGE12_Cal27,TW,CD86_MO,13259.333333333334,99.86666666666667
309,48,TGE12_Cal27,TW,DR_B,56373.0,100.0
310,48,TGE12_Cal27,TW,DR_DC,93065.33333333333,99.60000000000001
311,48,TGE12_Cal27,TW,DR_MO,65392.333333333336,99.93333333333334
312,48,TGE12_Cal27,Whole_PBMC,CD40_B,2620.3333333333335,95.76666666666667
313,48,TGE12_Cal27,Whole_PBMC,CD40_DC,10323.0,98.5
314,48,TGE12_Cal27,Whole_PBMC,CD40_MO,9834.333333333334,98.96666666666665
315,48,TGE12_Cal27,Whole_PBMC,CD80_B,54.56666666666666,4.17
316,48,TGE12_Cal27,Whole_PBMC,CD80_DC,721.6666666666666,86.96666666666665
317,48,TGE12_Cal27,Whole_PBMC,CD80_MO,614.6666666666666,88.13333333333333
318,48,TGE12_Cal27,Whole_PBMC,CD86_B,3126.0,96.93333333333334
319,48,TGE12_Cal27,Whole_PBMC,CD86_DC,27723.333333333332,99.60000000000001
320,48,TGE12_Cal27,Whole_PBMC,CD86_MO,18553.333333333332,99.90000000000002
321,48,TGE12_Cal27,Whole_PBMC,DR_B,58557.0,100.0
322,48,TGE12_Cal27,Whole_PBMC,DR_DC,81019.33333333333,98.93333333333332
323,48,TGE12_Cal27,Whole_PBMC,DR_MO,65962.66666666667,99.43333333333334
324,48,Untx_Cal27,CD3neg_PBMC,CD40_B,2422.3333333333335,97.93333333333334
325,48,Untx_Cal27,CD3neg_PBMC,CD40_DC,758.0,39.800000000000004
326,48,Untx_Cal27,CD3neg_PBMC,CD40_MO,864.0,49.1
327,48,Untx_Cal27,CD3neg_PBMC,CD80_B,48.699999999999996,1.8866666666666667
328,48,Untx_Cal27,CD3neg_PBMC,CD80_DC,107.86666666666667,5.953333333333333
329,48,Untx_Cal27,CD3neg_PBMC,CD80_MO,97.7,1.95
330,48,Untx_Cal27,CD3neg_PBMC,CD86_B,2666.3333333333335,95.26666666666665
331,48,Untx_Cal27,CD3neg_PBMC,CD86_DC,3557.6666666666665,97.0
332,48,Untx_Cal27,CD3neg_PBMC,CD86_MO,1909.3333333333333,91.26666666666667
333,48,Untx_Cal27,CD3neg_PBMC,DR_B,56967.333333333336,100.0
334,48,Untx_Cal27,CD3neg_PBMC,DR_DC,22512.333333333332,94.7
335,48,Untx_Cal27,CD3neg_PBMC,DR_MO,8372.333333333334,98.36666666666667
336,48,Untx_Cal27,TW,CD40_B,1970.6666666666667,93.73333333333333
337,48,Untx_Cal27,TW,CD40_DC,1716.0,79.26666666666667
338,48,Untx_Cal27,TW,CD40_MO,2147.3333333333335,87.36666666666667
339,48,Untx_Cal27,TW,CD80_B,41.1,1.75
340,48,Untx_Cal27,TW,CD80_DC,148.33333333333334,9.976666666666667
341,48,Untx_Cal27,TW,CD80_MO,131.0,6.803333333333334
342,48,Untx_Cal27,TW,CD86_B,2475.3333333333335,93.53333333333335
343,48,Untx_Cal27,TW,CD86_DC,8464.0,99.43333333333334
344,48,Untx_Cal27,TW,CD86_MO,3840.0,99.16666666666667
345,48,Untx_Cal27,TW,DR_B,51308.0,100.0
346,48,Untx_Cal27,TW,DR_DC,46129.666666666664,99.66666666666667
347,48,Untx_Cal27,TW,DR_MO,33186.0,99.90000000000002
348,48,Untx_Cal27,Whole_PBMC,CD40_B,2521.0,97.13333333333333
349,48,Untx_Cal27,Whole_PBMC,CD40_DC,1095.6666666666667,54.333333333333336
350,48,Untx_Cal27,Whole_PBMC,CD40_MO,1401.6666666666667,70.96666666666665
351,48,Untx_Cal27,Whole_PBMC,CD80_B,37.666666666666664,2.8033333333333332
352,48,Untx_Cal27,Whole_PBMC,CD80_DC,113.13333333333333,8.116666666666667
353,48,Untx_Cal27,Whole_PBMC,CD80_MO,116.66666666666667,6.076666666666667
354,48,Untx_Cal27,Whole_PBMC,CD86_B,2523.3333333333335,92.13333333333333
355,48,Untx_Cal27,Whole_PBMC,CD86_DC,4287.666666666667,96.10000000000001
356,48,Untx_Cal27,Whole_PBMC,CD86_MO,2805.6666666666665,99.10000000000001
357,48,Untx_Cal27,Whole_PBMC,DR_B,54032.0,100.0
358,48,Untx_Cal27,Whole_PBMC,DR_DC,28640.666666666668,93.73333333333333
359,48,Untx_Cal27,Whole_PBMC,DR_MO,15001.666666666666,97.46666666666665
360,48,mCherry_Cal27,CD3neg_PBMC,CD40_B,2387.3333333333335,97.93333333333334
361,48,mCherry_Cal27,CD3neg_PBMC,CD40_DC,1452.0,67.23333333333333
362,48,mCherry_Cal27,CD3neg_PBMC,CD40_MO,1462.3333333333333,72.39999999999999
363,48,mCherry_Cal27,CD3neg_PBMC,CD80_B,49.13333333333333,2.123333333333333
364,48,mCherry_Cal27,CD3neg_PBMC,CD80_DC,123.33333333333333,9.013333333333334
365,48,mCherry_Cal27,CD3neg_PBMC,CD80_MO,108.66666666666667,3.8200000000000003
366,48,mCherry_Cal27,CD3neg_PBMC,CD86_B,2685.6666666666665,95.5
367,48,mCherry_Cal27,CD3neg_PBMC,CD86_DC,3873.3333333333335,96.23333333333333
368,48,mCherry_Cal27,CD3neg_PBMC,CD86_MO,1961.0,91.16666666666667
369,48,mCherry_Cal27,CD3neg_PBMC,DR_B,57500.0,100.0
370,48,mCherry_Cal27,CD3neg_PBMC,DR_DC,27106.333333333332,92.86666666666667
371,48,mCherry_Cal27,CD3neg_PBMC,DR_MO,10961.333333333334,98.7
372,48,mCherry_Cal27,TW,CD40_B,1985.0,94.0
373,48,mCherry_Cal27,TW,CD40_DC,1848.6666666666667,83.10000000000001
374,48,mCherry_Cal27,TW,CD40_MO,2419.3333333333335,89.66666666666667
375,48,mCherry_Cal27,TW,CD80_B,45.1,2.1366666666666667
376,48,mCherry_Cal27,TW,CD80_DC,177.33333333333334,17.066666666666666
377,48,mCherry_Cal27,TW,CD80_MO,155.33333333333334,12.0
378,48,mCherry_Cal27,TW,CD86_B,2572.3333333333335,94.13333333333333
379,48,mCherry_Cal27,TW,CD86_DC,9064.333333333334,99.43333333333334
380,48,mCherry_Cal27,TW,CD86_MO,4175.333333333333,99.66666666666667
381,48,mCherry_Cal27,TW,DR_B,52643.333333333336,100.0
382,48,mCherry_Cal27,TW,DR_DC,48547.333333333336,99.10000000000001
383,48,mCherry_Cal27,TW,DR_MO,34514.666666666664,99.76666666666667
384,48,mCherry_Cal27,Whole_PBMC,CD40_B,2505.0,97.26666666666667
385,48,mCherry_Cal27,Whole_PBMC,CD40_DC,1421.0,66.83333333333333
386,48,mCherry_Cal27,Whole_PBMC,CD40_MO,1914.0,82.26666666666667
387,48,mCherry_Cal27,Whole_PBMC,CD80_B,36.266666666666666,2.44
388,48,mCherry_Cal27,Whole_PBMC,CD80_DC,94.7,6.566666666666666
389,48,mCherry_Cal27,Whole_PBMC,CD80_MO,116.0,6.706666666666667
390,48,mCherry_Cal27,Whole_PBMC,CD86_B,2409.3333333333335,91.16666666666667
391,48,mCherry_Cal27,Whole_PBMC,CD86_DC,4143.333333333333,95.23333333333333
392,48,mCherry_Cal27,Whole_PBMC,CD86_MO,2665.6666666666665,98.16666666666667
393,48,mCherry_Cal27,Whole_PBMC,DR_B,52312.666666666664,100.0
394,48,mCherry_Cal27,Whole_PBMC,DR_DC,29656.0,92.10000000000001
395,48,mCherry_Cal27,Whole_PBMC,DR_MO,16939.666666666668,97.93333333333334
396,48,siCHMP2A_Cal27,CD3neg_PBMC,CD40_B,2009.3333333333333,94.7
397,48,siCHMP2A_Cal27,CD3neg_PBMC,CD40_DC,1793.3333333333333,74.73333333333333
398,48,siCHMP2A_Cal27,CD3neg_PBMC,CD40_MO,1703.6666666666667,80.23333333333333
399,48,siCHMP2A_Cal27,CD3neg_PBMC,CD80_B,42.266666666666666,1.6666666666666667
400,48,siCHMP2A_Cal27,CD3neg_PBMC,CD80_DC,200.0,21.366666666666664
401,48,siCHMP2A_Cal27,CD3neg_PBMC,CD80_MO,147.33333333333334,10.766666666666666
402,48,siCHMP2A_Cal27,CD3neg_PBMC,CD86_B,2696.6666666666665,96.5
403,48,siCHMP2A_Cal27,CD3neg_PBMC,CD86_DC,8801.333333333334,99.16666666666667
404,48,siCHMP2A_Cal27,CD3neg_PBMC,CD86_MO,5248.333333333333,99.63333333333333
405,48,siCHMP2A_Cal27,CD3neg_PBMC,DR_B,56197.333333333336,100.0
406,48,siCHMP2A_Cal27,CD3neg_PBMC,DR_DC,39101.666666666664,96.73333333333333
407,48,siCHMP2A_Cal27,CD3neg_PBMC,DR_MO,22524.0,98.60000000000001
408,48,siCHMP2A_Cal27,TW,CD40_B,1772.3333333333333,90.83333333333333
409,48,siCHMP2A_Cal27,TW,CD40_DC,3237.6666666666665,95.33333333333333
410,48,siCHMP2A_Cal27,TW,CD40_MO,4022.0,95.86666666666667
411,48,siCHMP2A_Cal27,TW,CD80_B,42.666666666666664,2.3233333333333337
412,48,siCHMP2A_Cal27,TW,CD80_DC,219.0,29.400000000000002
413,48,siCHMP2A_Cal27,TW,CD80_MO,160.33333333333334,14.4
414,48,siCHMP2A_Cal27,TW,CD86_B,2414.0,92.53333333333335
415,48,siCHMP2A_Cal27,TW,CD86_DC,16082.0,99.59999999999998
416,48,siCHMP2A_Cal27,TW,CD86_MO,8832.0,99.8
417,48,siCHMP2A_Cal27,TW,DR_B,48531.333333333336,100.0
418,48,siCHMP2A_Cal27,TW,DR_DC,66835.66666666667,99.5
419,48,siCHMP2A_Cal27,TW,DR_MO,57632.0,99.93333333333334
420,48,siCHMP2A_Cal27,Whole_PBMC,CD40_B,2276.6666666666665,96.23333333333333
421,48,siCHMP2A_Cal27,Whole_PBMC,CD40_DC,2027.6666666666667,78.16666666666667
422,48,siCHMP2A_Cal27,Whole_PBMC,CD40_MO,2307.0,87.5
423,48,siCHMP2A_Cal27,Whole_PBMC,CD80_B,39.23333333333333,2.2466666666666666
424,48,siCHMP2A_Cal27,Whole_PBMC,CD80_DC,211.0,25.599999999999998
425,48,siCHMP2A_Cal27,Whole_PBMC,CD80_MO,175.66666666666666,18.099999999999998
426,48,siCHMP2A_Cal27,Whole_PBMC,CD86_B,2621.0,94.83333333333333
427,48,siCHMP2A_Cal27,Whole_PBMC,CD86_DC,9530.666666666666,98.43333333333334
428,48,siCHMP2A_Cal27,Whole_PBMC,CD86_MO,5590.333333333333,99.86666666666667
429,48,siCHMP2A_Cal27,Whole_PBMC,DR_B,54825.0,100.0
430,48,siCHMP2A_Cal27,Whole_PBMC,DR_DC,46266.333333333336,95.83333333333333
431,48,siCHMP2A_Cal27,Whole_PBMC,DR_MO,28829.333333333332,97.26666666666667
432,72,Doxorubicin_Cal27,CD3neg_PBMC,CD40_B,2532.3333333333335,96.53333333333335
433,72,Doxorubicin_Cal27,CD3neg_PBMC,CD40_DC,2276.0,87.06666666666666
434,72,Doxorubicin_Cal27,CD3neg_PBMC,CD40_MO,2438.3333333333335,90.5
435,72,Doxorubicin_Cal27,CD3neg_PBMC,CD80_B,51.93333333333334,2.6566666666666667
436,72,Doxorubicin_Cal27,CD3neg_PBMC,CD80_DC,188.33333333333334,21.933333333333334
437,72,Doxorubicin_Cal27,CD3neg_PBMC,CD80_MO,188.66666666666666,21.733333333333334
438,72,Doxorubicin_Cal27,CD3neg_PBMC,CD86_B,3555.3333333333335,99.26666666666667
439,72,Doxorubicin_Cal27,CD3neg_PBMC,CD86_DC,7327.666666666667,99.96666666666665
440,72,Doxorubicin_Cal27,CD3neg_PBMC,CD86_MO,4433.0,99.63333333333333
441,72,Doxorubicin_Cal27,CD3neg_PBMC,DR_B,65166.0,99.96666666666665
442,72,Doxorubicin_Cal27,CD3neg_PBMC,DR_DC,36478.333333333336,99.89999999999999
443,72,Doxorubicin_Cal27,CD3neg_PBMC,DR_MO,32432.0,99.53333333333335
444,72,Doxorubicin_Cal27,TW,CD40_B,2315.0,96.26666666666667
445,72,Doxorubicin_Cal27,TW,CD40_DC,2013.3333333333333,86.0
446,72,Doxorubicin_Cal27,TW,CD40_MO,2253.0,91.23333333333333
447,72,Doxorubicin_Cal27,TW,CD80_B,54.96666666666666,3.436666666666667
448,72,Doxorubicin_Cal27,TW,CD80_DC,180.66666666666666,16.633333333333336
449,72,Doxorubicin_Cal27,TW,CD80_MO,178.0,15.766666666666666
450,72,Doxorubicin_Cal27,TW,CD86_B,2625.6666666666665,92.53333333333335
451,72,Doxorubicin_Cal27,TW,CD86_DC,7313.0,99.46666666666665
452,72,Doxorubicin_Cal27,TW,CD86_MO,4089.3333333333335,99.43333333333334
453,72,Doxorubicin_Cal27,TW,DR_B,53509.0,100.0
454,72,Doxorubicin_Cal27,TW,DR_DC,43342.0,99.56666666666666
455,72,Doxorubicin_Cal27,TW,DR_MO,43181.0,99.63333333333333
456,72,Doxorubicin_Cal27,Whole_PBMC,CD40_B,3223.6666666666665,98.60000000000001
457,72,Doxorubicin_Cal27,Whole_PBMC,CD40_DC,4011.3333333333335,96.36666666666667
458,72,Doxorubicin_Cal27,Whole_PBMC,CD40_MO,4443.333333333333,97.60000000000001
459,72,Doxorubicin_Cal27,Whole_PBMC,CD80_B,60.53333333333334,3.8699999999999997
460,72,Doxorubicin_Cal27,Whole_PBMC,CD80_DC,217.66666666666666,29.333333333333332
461,72,Doxorubicin_Cal27,Whole_PBMC,CD80_MO,242.66666666666666,36.93333333333333
462,72,Doxorubicin_Cal27,Whole_PBMC,CD86_B,3533.3333333333335,98.76666666666667
463,72,Doxorubicin_Cal27,Whole_PBMC,CD86_DC,8553.333333333334,99.7
464,72,Doxorubicin_Cal27,Whole_PBMC,CD86_MO,5465.333333333333,99.60000000000001
465,72,Doxorubicin_Cal27,Whole_PBMC,DR_B,69791.66666666667,100.0
466,72,Doxorubicin_Cal27,Whole_PBMC,DR_DC,60092.333333333336,99.73333333333333
467,72,Doxorubicin_Cal27,Whole_PBMC,DR_MO,55240.333333333336,98.23333333333333
468,72,PBMC_Only,CD3neg_PBMC,CD40_B,2615.6666666666665,98.26666666666667
469,72,PBMC_Only,CD3neg_PBMC,CD40_DC,2345.6666666666665,76.33333333333333
470,72,PBMC_Only,CD3neg_PBMC,CD40_MO,1196.3333333333333,66.93333333333334
471,72,PBMC_Only,CD3neg_PBMC,CD80_B,47.96666666666667,1.6766666666666665
472,72,PBMC_Only,CD3neg_PBMC,CD80_DC,174.33333333333334,16.8
473,72,PBMC_Only,CD3neg_PBMC,CD80_MO,148.33333333333334,7.859999999999999
474,72,PBMC_Only,CD3neg_PBMC,CD86_B,2288.3333333333335,85.83333333333333
475,72,PBMC_Only,CD3neg_PBMC,CD86_DC,6609.333333333333,95.2
476,72,PBMC_Only,CD3neg_PBMC,CD86_MO,3988.6666666666665,98.7
477,72,PBMC_Only,CD3neg_PBMC,DR_B,50681.0,100.0
478,72,PBMC_Only,CD3neg_PBMC,DR_DC,70760.66666666667,93.8
479,72,PBMC_Only,CD3neg_PBMC,DR_MO,48783.0,99.89999999999999
480,72,PBMC_Only,TW,CD40_B,2156.3333333333335,95.86666666666667
481,72,PBMC_Only,TW,CD40_DC,2221.6666666666665,78.03333333333335
482,72,PBMC_Only,TW,CD40_MO,1375.3333333333333,74.16666666666667
483,72,PBMC_Only,TW,CD80_B,45.199999999999996,1.8333333333333333
484,72,PBMC_Only,TW,CD80_DC,188.0,20.266666666666666
485,72,PBMC_Only,TW,CD80_MO,163.0,9.286666666666667
486,72,PBMC_Only,TW,CD86_B,2033.0,82.7
487,72,PBMC_Only,TW,CD86_DC,6821.0,95.3
488,72,PBMC_Only,TW,CD86_MO,4826.666666666667,99.3
489,72,PBMC_Only,TW,DR_B,45186.0,100.0
490,72,PBMC_Only,TW,DR_DC,72433.33333333333,96.2
491,72,PBMC_Only,TW,DR_MO,61226.0,99.8
492,72,PBMC_Only,Whole_PBMC,CD40_B,2965.0,99.0
493,72,PBMC_Only,Whole_PBMC,CD40_DC,3614.6666666666665,87.43333333333334
494,72,PBMC_Only,Whole_PBMC,CD40_MO,2226.0,89.56666666666666
495,72,PBMC_Only,Whole_PBMC,CD80_B,43.800000000000004,1.4033333333333333
496,72,PBMC_Only,Whole_PBMC,CD80_DC,189.66666666666666,21.96666666666667
497,72,PBMC_Only,Whole_PBMC,CD80_MO,156.33333333333334,8.58
498,72,PBMC_Only,Whole_PBMC,CD86_B,2310.0,87.86666666666667
499,72,PBMC_Only,Whole_PBMC,CD86_DC,8168.666666666667,94.83333333333333
500,72,PBMC_Only,Whole_PBMC,CD86_MO,5486.333333333333,99.63333333333333
501,72,PBMC_Only,Whole_PBMC,DR_B,52647.333333333336,100.0
502,72,PBMC_Only,Whole_PBMC,DR_DC,98325.0,93.83333333333333
503,72,PBMC_Only,Whole_PBMC,DR_MO,76009.33333333333,99.83333333333333
504,72,TGE12_Cal27,CD3neg_PBMC,CD40_B,2232.3333333333335,95.8
505,72,TGE12_Cal27,CD3neg_PBMC,CD40_DC,8864.0,98.76666666666665
506,72,TGE12_Cal27,CD3neg_PBMC,CD40_MO,7686.0,98.93333333333334
507,72,TGE12_Cal27,CD3neg_PBMC,CD80_B,46.166666666666664,2.973333333333333
508,72,TGE12_Cal27,CD3neg_PBMC,CD80_DC,553.3333333333334,76.63333333333334
509,72,TGE12_Cal27,CD3neg_PBMC,CD80_MO,487.3333333333333,76.03333333333333
510,72,TGE12_Cal27,CD3neg_PBMC,CD86_B,2902.3333333333335,95.2
511,72,TGE12_Cal27,CD3neg_PBMC,CD86_DC,19421.666666666668,99.60000000000001
512,72,TGE12_Cal27,CD3neg_PBMC,CD86_MO,11662.333333333334,99.76666666666667
513,72,TGE12_Cal27,CD3neg_PBMC,DR_B,59624.666666666664,100.0
514,72,TGE12_Cal27,CD3neg_PBMC,DR_DC,55279.666666666664,99.46666666666665
515,72,TGE12_Cal27,CD3neg_PBMC,DR_MO,40796.0,98.83333333333333
516,72,TGE12_Cal27,TW,CD40_B,2354.6666666666665,95.93333333333332
517,72,TGE12_Cal27,TW,CD40_DC,7648.666666666667,99.46666666666665
518,72,TGE12_Cal27,TW,CD40_MO,7871.0,98.73333333333333
519,72,TGE12_Cal27,TW,CD80_B,65.03333333333333,5.07
520,72,TGE12_Cal27,TW,CD80_DC,398.0,65.60000000000001
521,72,TGE12_Cal27,TW,CD80_MO,336.6666666666667,54.03333333333333
522,72,TGE12_Cal27,TW,CD86_B,2899.6666666666665,93.66666666666667
523,72,TGE12_Cal27,TW,CD86_DC,20207.0,99.66666666666667
524,72,TGE12_Cal27,TW,CD86_MO,12062.333333333334,99.90000000000002
525,72,TGE12_Cal27,TW,DR_B,59910.333333333336,100.0
526,72,TGE12_Cal27,TW,DR_DC,81058.66666666667,99.66666666666667
527,72,TGE12_Cal27,TW,DR_MO,70321.0,99.90000000000002
528,72,TGE12_Cal27,Whole_PBMC,CD40_B,2760.0,97.03333333333335
529,72,TGE12_Cal27,Whole_PBMC,CD40_DC,13114.333333333334,99.3
530,72,TGE12_Cal27,Whole_PBMC,CD40_MO,12066.333333333334,99.33333333333333
531,72,TGE12_Cal27,Whole_PBMC,CD80_B,53.800000000000004,3.763333333333333
532,72,TGE12_Cal27,Whole_PBMC,CD80_DC,618.6666666666666,87.36666666666667
533,72,TGE12_Cal27,Whole_PBMC,CD80_MO,562.6666666666666,86.5
534,72,TGE12_Cal27,Whole_PBMC,CD86_B,3029.6666666666665,94.43333333333334
535,72,TGE12_Cal27,Whole_PBMC,CD86_DC,22162.333333333332,99.63333333333333
536,72,TGE12_Cal27,Whole_PBMC,CD86_MO,15112.333333333334,99.86666666666667
537,72,TGE12_Cal27,Whole_PBMC,DR_B,62976.0,100.0
538,72,TGE12_Cal27,Whole_PBMC,DR_DC,79864.66666666667,98.66666666666667
539,72,TGE12_Cal27,Whole_PBMC,DR_MO,68819.33333333333,98.63333333333333
540,72,Untx_Cal27,CD3neg_PBMC,CD40_B,2147.6666666666665,95.7
541,72,Untx_Cal27,CD3neg_PBMC,CD40_DC,887.3333333333334,47.26666666666667
542,72,Untx_Cal27,CD3neg_PBMC,CD40_MO,827.6666666666666,46.96666666666667
543,72,Untx_Cal27,CD3neg_PBMC,CD80_B,34.833333333333336,1.8399999999999999
544,72,Untx_Cal27,CD3neg_PBMC,CD80_DC,103.03333333333335,8.513333333333334
545,72,Untx_Cal27,CD3neg_PBMC,CD80_MO,100.89999999999999,2.0
546,72,Untx_Cal27,CD3neg_PBMC,CD86_B,2196.0,85.0
547,72,Untx_Cal27,CD3neg_PBMC,CD86_DC,2646.0,87.16666666666667
548,72,Untx_Cal27,CD3neg_PBMC,CD86_MO,2419.3333333333335,97.8
549,72,Untx_Cal27,CD3neg_PBMC,DR_B,48674.333333333336,100.0
550,72,Untx_Cal27,CD3neg_PBMC,DR_DC,21985.333333333332,85.13333333333333
551,72,Untx_Cal27,CD3neg_PBMC,DR_MO,9661.666666666666,97.0
552,72,Untx_Cal27,TW,CD40_B,2119.0,95.7
553,72,Untx_Cal27,TW,CD40_DC,2132.3333333333335,88.33333333333333
554,72,Untx_Cal27,TW,CD40_MO,2851.6666666666665,94.5
555,72,Untx_Cal27,TW,CD80_B,44.36666666666667,2.33
556,72,Untx_Cal27,TW,CD80_DC,156.66666666666666,9.723333333333334
557,72,Untx_Cal27,TW,CD80_MO,159.0,10.16
558,72,Untx_Cal27,TW,CD86_B,2110.0,85.7
559,72,Untx_Cal27,TW,CD86_DC,5934.0,98.83333333333333
560,72,Untx_Cal27,TW,CD86_MO,4517.666666666667,99.8
561,72,Untx_Cal27,TW,DR_B,47077.666666666664,100.0
562,72,Untx_Cal27,TW,DR_DC,63926.333333333336,99.06666666666666
563,72,Untx_Cal27,TW,DR_MO,55073.333333333336,99.5
564,72,Untx_Cal27,Whole_PBMC,CD40_B,2451.3333333333335,97.5
565,72,Untx_Cal27,Whole_PBMC,CD40_DC,1097.0,54.43333333333334
566,72,Untx_Cal27,Whole_PBMC,CD40_MO,1405.6666666666667,75.06666666666666
567,72,Untx_Cal27,Whole_PBMC,CD80_B,36.300000000000004,1.9633333333333332
568,72,Untx_Cal27,Whole_PBMC,CD80_DC,105.33333333333333,6.773333333333333
569,72,Untx_Cal27,Whole_PBMC,CD80_MO,125.33333333333333,5.553333333333334
570,72,Untx_Cal27,Whole_PBMC,CD86_B,1920.3333333333333,78.4
571,72,Untx_Cal27,Whole_PBMC,CD86_DC,2540.3333333333335,85.16666666666667
572,72,Untx_Cal27,Whole_PBMC,CD86_MO,2760.6666666666665,99.13333333333333
573,72,Untx_Cal27,Whole_PBMC,DR_B,42999.0,100.0
574,72,Untx_Cal27,Whole_PBMC,DR_DC,24080.333333333332,88.89999999999999
575,72,Untx_Cal27,Whole_PBMC,DR_MO,15982.333333333334,95.8
576,72,mCherry_Cal27,CD3neg_PBMC,CD40_B,2109.0,95.36666666666667
577,72,mCherry_Cal27,CD3neg_PBMC,CD40_DC,2247.0,63.46666666666667
578,72,mCherry_Cal27,CD3neg_PBMC,CD40_MO,2325.6666666666665,83.16666666666667
579,72,mCherry_Cal27,CD3neg_PBMC,CD80_B,34.166666666666664,2.1166666666666667
580,72,mCherry_Cal27,CD3neg_PBMC,CD80_DC,105.53333333333335,7.033333333333334
581,72,mCherry_Cal27,CD3neg_PBMC,CD80_MO,112.0,3.6633333333333336
582,72,mCherry_Cal27,CD3neg_PBMC,CD86_B,2166.6666666666665,84.39999999999999
583,72,mCherry_Cal27,CD3neg_PBMC,CD86_DC,1475.3333333333333,69.33333333333333
584,72,mCherry_Cal27,CD3neg_PBMC,CD86_MO,1872.0,89.60000000000001
585,72,mCherry_Cal27,CD3neg_PBMC,DR_B,48677.0,100.0
586,72,mCherry_Cal27,CD3neg_PBMC,DR_DC,30390.333333333332,73.16666666666667
587,72,mCherry_Cal27,CD3neg_PBMC,DR_MO,15544.0,96.43333333333334
588,72,mCherry_Cal27,TW,CD40_B,2121.0,95.36666666666667
589,72,mCherry_Cal27,TW,CD40_DC,2277.3333333333335,90.13333333333333
590,72,mCherry_Cal27,TW,CD40_MO,3154.0,96.03333333333335
591,72,mCherry_Cal27,TW,CD80_B,48.93333333333334,2.83
592,72,mCherry_Cal27,TW,CD80_DC,184.0,16.666666666666668
593,72,mCherry_Cal27,TW,CD80_MO,181.33333333333334,16.566666666666666
594,72,mCherry_Cal27,TW,CD86_B,2157.0,85.63333333333333
595,72,mCherry_Cal27,TW,CD86_DC,5515.333333333333,98.86666666666667
596,72,mCherry_Cal27,TW,CD86_MO,4032.0,99.7
597,72,mCherry_Cal27,TW,DR_B,47972.666666666664,100.0
598,72,mCherry_Cal27,TW,DR_DC,55992.333333333336,98.5
599,72,mCherry_Cal27,TW,DR_MO,45014.0,98.73333333333333
600,72,mCherry_Cal27,Whole_PBMC,CD40_B,2433.0,97.73333333333333
601,72,mCherry_Cal27,Whole_PBMC,CD40_DC,3519.6666666666665,65.5
602,72,mCherry_Cal27,Whole_PBMC,CD40_MO,3296.0,91.43333333333334
603,72,mCherry_Cal27,Whole_PBMC,CD80_B,34.666666666666664,1.9100000000000001
604,72,mCherry_Cal27,Whole_PBMC,CD80_DC,103.89999999999999,7.330000000000001
605,72,mCherry_Cal27,Whole_PBMC,CD80_MO,137.66666666666666,8.42
606,72,mCherry_Cal27,Whole_PBMC,CD86_B,1879.6666666666667,78.60000000000001
607,72,mCherry_Cal27,Whole_PBMC,CD86_DC,1054.3333333333333,58.86666666666667
608,72,mCherry_Cal27,Whole_PBMC,CD86_MO,2013.0,90.83333333333333
609,72,mCherry_Cal27,Whole_PBMC,DR_B,43521.333333333336,100.0
610,72,mCherry_Cal27,Whole_PBMC,DR_DC,37682.333333333336,70.43333333333334
611,72,mCherry_Cal27,Whole_PBMC,DR_MO,21802.666666666668,94.53333333333335
612,72,siCHMP2A_Cal27,CD3neg_PBMC,CD40_B,1982.3333333333333,94.63333333333333
613,72,siCHMP2A_Cal27,CD3neg_PBMC,CD40_DC,1871.0,77.7
614,72,siCHMP2A_Cal27,CD3neg_PBMC,CD40_MO,1625.6666666666667,79.03333333333335
615,72,siCHMP2A_Cal27,CD3neg_PBMC,CD80_B,35.96666666666666,1.5566666666666666
616,72,siCHMP2A_Cal27,CD3neg_PBMC,CD80_DC,240.0,25.666666666666668
617,72,siCHMP2A_Cal27,CD3neg_PBMC,CD80_MO,164.0,14.266666666666666
618,72,siCHMP2A_Cal27,CD3neg_PBMC,CD86_B,2664.3333333333335,94.23333333333333
619,72,siCHMP2A_Cal27,CD3neg_PBMC,CD86_DC,7257.0,98.13333333333333
620,72,siCHMP2A_Cal27,CD3neg_PBMC,CD86_MO,3739.6666666666665,99.66666666666667
621,72,siCHMP2A_Cal27,CD3neg_PBMC,DR_B,58083.0,100.0
622,72,siCHMP2A_Cal27,CD3neg_PBMC,DR_DC,35536.0,93.39999999999999
623,72,siCHMP2A_Cal27,CD3neg_PBMC,DR_MO,16515.333333333332,97.5
624,72,siCHMP2A_Cal27,TW,CD40_B,2006.3333333333333,93.8
625,72,siCHMP2A_Cal27,TW,CD40_DC,4197.666666666667,98.96666666666665
626,72,siCHMP2A_Cal27,TW,CD40_MO,5699.0,98.8
627,72,siCHMP2A_Cal27,TW,CD80_B,49.26666666666667,3.0500000000000003
628,72,siCHMP2A_Cal27,TW,CD80_DC,203.33333333333334,23.0
629,72,siCHMP2A_Cal27,TW,CD80_MO,190.66666666666666,21.3
630,72,siCHMP2A_Cal27,TW,CD86_B,2202.0,87.33333333333333
631,72,siCHMP2A_Cal27,TW,CD86_DC,8719.0,99.7
632,72,siCHMP2A_Cal27,TW,CD86_MO,6596.666666666667,99.56666666666666
633,72,siCHMP2A_Cal27,TW,DR_B,47912.0,100.0
634,72,siCHMP2A_Cal27,TW,DR_DC,70669.33333333333,99.43333333333334
635,72,siCHMP2A_Cal27,TW,DR_MO,65220.333333333336,99.66666666666667
636,72,siCHMP2A_Cal27,Whole_PBMC,CD40_B,2215.6666666666665,96.2
637,72,siCHMP2A_Cal27,Whole_PBMC,CD40_DC,2089.0,81.89999999999999
638,72,siCHMP2A_Cal27,Whole_PBMC,CD40_MO,2215.3333333333335,89.8
639,72,siCHMP2A_Cal27,Whole_PBMC,CD80_B,36.699999999999996,1.6533333333333333
640,72,siCHMP2A_Cal27,Whole_PBMC,CD80_DC,204.66666666666666,21.099999999999998
641,72,siCHMP2A_Cal27,Whole_PBMC,CD80_MO,186.66666666666666,19.866666666666667
642,72,siCHMP2A_Cal27,Whole_PBMC,CD86_B,2434.0,91.33333333333333
643,72,siCHMP2A_Cal27,Whole_PBMC,CD86_DC,5076.0,94.89999999999999
644,72,siCHMP2A_Cal27,Whole_PBMC,CD86_MO,3769.3333333333335,99.63333333333333
645,72,siCHMP2A_Cal27,Whole_PBMC,DR_B,53131.333333333336,100.0
646,72,siCHMP2A_Cal27,Whole_PBMC,DR_DC,33661.0,92.36666666666667
647,72,siCHMP2A_Cal27,Whole_PBMC,DR_MO,22510.666666666668,95.63333333333333
